City_ID,City,Lat,Lng,Max Temp,Humidity,Cloudiness,Wind Speed,Country,Date
0,gubkinskiy,64.434,76.5026,-15.58,95,91,7.9,RU,1675914110
1,busselton,-33.65,115.3333,27.94,35,0,1.3,AU,1675914114
2,buchanan,5.8808,-10.0467,25.17,87,76,0.78,LR,1675914114
3,bluff,-46.6,168.3333,13.22,56,77,8.33,NZ,1675914114
4,ossora,59.2353,163.0719,-13.58,89,100,7.02,RU,1675914115
5,vaini,-21.2,-175.2,29.09,79,75,2.06,TO,1675914115
6,punta arenas,-53.15,-70.9167,9.06,71,0,3.6,CL,1675914010
7,rikitea,-23.1203,-134.9692,26.75,73,4,6.4,PF,1675914116
8,ponta do sol,32.6667,-17.1,14.84,74,44,3.04,PT,1675914116
9,tondano,1.3038,124.9112,26.05,53,98,1.57,ID,1675914117
10,albany,42.6001,-73.9662,0.15,80,81,1.23,US,1675914117
11,coihaique,-45.5752,-72.0662,17.97,63,0,1.54,CL,1675914118
12,vostok,46.4856,135.8833,-18.12,81,90,4.47,RU,1675914118
13,port elizabeth,-33.918,25.5701,20.73,93,75,1.03,ZA,1675914118
14,cidreira,-30.1811,-50.2056,24.49,83,24,8.46,BR,1675914027
15,ushuaia,-54.8,-68.3,9.81,87,20,4.12,AR,1675913889
16,nabha,30.3747,76.1486,17.46,37,56,0.93,IN,1675914119
17,chinsali,-10.5414,32.0816,14.83,97,98,1.24,ZM,1675914120
18,kruisfontein,-34.0033,24.7314,17.16,80,95,1.07,ZA,1675914120
19,mataura,-46.1927,168.8643,13.04,62,87,3.91,NZ,1675914120
20,gimli,50.6336,-96.9907,-0.99,93,100,9.77,CA,1675914121
21,teguise,29.0605,-13.564,10.12,82,0,3.6,ES,1675914121
22,casablanca,33.5928,-7.6192,11.01,85,20,3.36,MA,1675914122
23,barrow,71.2906,-156.7887,-20.99,77,100,0.0,US,1675914122
24,east london,-33.0153,27.9116,19.52,94,100,1.03,ZA,1675914123
25,leningradskiy,69.3833,178.4167,-27.68,97,100,2.55,RU,1675914124
26,atuona,-9.8,-139.0333,26.22,79,46,10.06,PF,1675914124
27,naze,28.3667,129.4833,17.51,69,100,7.75,JP,1675914125
28,jamestown,42.097,-79.2353,-0.2,92,0,2.57,US,1675914052
29,kamennogorsk,60.9545,29.1339,1.98,94,100,6.89,RU,1675914125
30,qaanaaq,77.484,-69.3632,-31.69,64,14,2.71,GL,1675914131
31,khatanga,71.9667,102.5,-42.68,99,64,1.71,RU,1675914131
32,hasaki,35.7333,140.8333,11.27,37,8,7.94,JP,1675914132
33,aripuana,-9.1667,-60.6333,22.51,98,77,0.3,BR,1675914132
34,coronon,6.8792,125.4489,29.96,75,90,3.55,PH,1675914133
35,goleta,36.8181,10.305,10.0,71,40,3.09,TN,1675914101
36,yellowknife,62.456,-114.3525,-21.36,84,75,4.12,CA,1675914134
37,muros,42.7762,-9.0603,7.13,85,0,4.33,ES,1675914134
38,tura,25.5198,90.2201,22.98,39,48,1.31,IN,1675914135
39,victoria,22.2855,114.1577,21.03,83,96,6.71,HK,1675914135
40,teahupoo,-17.8333,-149.2667,25.98,74,6,2.9,PF,1675914136
41,georgetown,5.4112,100.3354,28.96,83,20,3.09,MY,1675913940
42,harrow,51.5714,-0.3337,3.61,94,40,2.57,GB,1675914137
43,thanyaburi,14.0211,100.7343,32.21,75,40,3.6,TH,1675914137
44,mount gambier,-37.8333,140.7667,26.15,35,0,3.58,AU,1675914138
45,rockford,42.2711,-89.094,2.0,80,100,1.54,US,1675913944
46,norman wells,65.282,-126.8329,-24.98,77,75,0.0,CA,1675914139
47,saint george,37.1041,-113.5841,10.53,48,0,2.06,US,1675914044
48,tongliao,43.6125,122.2653,-2.34,34,100,4.19,CN,1675914139
49,kapaa,22.0752,-159.319,26.99,71,0,8.75,US,1675914140
50,muncar,-8.4333,114.3333,28.09,78,55,1.73,ID,1675914140
51,astana,51.1801,71.446,-23.03,84,100,4.0,KZ,1675914141
52,cururupu,-1.8283,-44.8683,23.16,96,99,0.82,BR,1675914141
53,ribeira grande,38.5167,-28.7,12.1,79,28,3.58,PT,1675914142
54,synya,65.3718,58.0387,-4.95,93,100,4.06,RU,1675914142
55,saint-philippe,-21.3585,55.7679,26.77,82,67,5.18,RE,1675914143
56,san rafael,-34.6177,-68.3301,25.82,37,35,2.35,AR,1675913944
57,provideniya,64.3833,-173.3,-19.94,65,100,5.0,RU,1675914143
58,verkhnevilyuysk,63.4453,120.3167,-37.61,95,79,1.14,RU,1675914144
59,srednekolymsk,67.45,153.6833,-32.88,96,100,2.89,RU,1675914144
60,midland,31.9974,-102.0779,10.27,36,0,3.09,US,1675914048
61,zhigansk,66.7697,123.3711,-40.4,95,100,4.56,RU,1675914146
62,saskylakh,71.9167,114.0833,-41.37,98,54,3.04,RU,1675914146
63,luau,-10.7073,22.2247,16.51,98,100,1.25,AO,1675914147
64,granadilla de abona,28.1188,-16.576,13.83,75,75,2.57,ES,1675914148
65,new norfolk,-42.7826,147.0587,21.62,42,98,0.45,AU,1675914148
66,broken hill,-31.95,141.4333,33.65,12,0,3.91,AU,1675914149
67,lata,40.1629,-8.3327,6.71,79,11,2.88,PT,1675914150
68,butaritari,3.0707,172.7902,27.42,82,65,9.15,KI,1675914150
69,douglas,41.3,-96.167,5.44,58,40,2.06,US,1675914112
70,port alfred,-33.5906,26.891,19.54,98,100,1.63,ZA,1675914023
71,hilo,19.7297,-155.09,24.85,69,75,4.63,US,1675914151
72,opuwo,-18.0607,13.84,17.66,42,51,1.66,NA,1675914151
73,hermanus,-34.4187,19.2345,19.89,83,76,5.1,ZA,1675914152
74,kuala sungai baru,2.3594,102.0353,28.02,86,100,1.87,MY,1675914153
75,kijang,35.2442,129.2139,11.85,52,86,6.26,KR,1675914006
76,cueto,20.6439,-75.9356,24.29,80,4,5.12,CU,1675914153
77,hithadhoo,-0.6,73.0833,27.54,72,77,4.35,MV,1675914154
78,rio grande,-32.035,-52.0986,24.52,81,89,8.13,BR,1675914154
79,hualmay,-11.0964,-77.6139,22.41,85,24,3.18,PE,1675914155
80,mahebourg,-20.4081,57.7,27.36,83,75,5.14,MU,1675914155
81,anadyr,64.75,177.4833,-33.72,66,0,5.0,RU,1675914156
82,america dourada,-11.4553,-41.4361,19.87,70,0,4.68,BR,1675914156
83,mattru,7.6244,-11.8332,24.03,86,86,0.61,SL,1675914156
84,thompson,55.7435,-97.8558,-12.91,72,100,5.66,CA,1675914157
85,drymen,56.0655,-4.452,4.87,80,28,6.74,GB,1675914157
86,jieshi,22.8134,115.8257,18.59,81,100,7.02,CN,1675914158
87,mar del plata,-38.0023,-57.5575,20.05,92,0,1.54,AR,1675914158
88,bathsheba,13.2167,-59.5167,25.34,78,40,8.75,BB,1675914159
89,hobart,-42.8794,147.3294,21.82,56,75,4.63,AU,1675914030
90,winnipeg,49.8844,-97.147,0.99,90,75,6.71,CA,1675913641
91,porbandar,21.6422,69.6093,18.99,55,24,1.03,IN,1675914160
92,caraballeda,10.6112,-66.8522,25.2,81,20,0.51,VE,1675914160
93,husavik,66.0449,-17.3389,-5.1,93,52,7.62,IS,1675914161
94,manicore,-5.8092,-61.3003,24.97,94,0,1.03,BR,1675914161
95,henties bay,-22.116,14.2845,17.8,88,89,2.23,NA,1675914161
96,bengkulu,-3.8004,102.2655,28.52,63,96,2.2,ID,1675914162
97,sobolevo,54.4299,31.8996,-9.25,98,88,2.2,RU,1675914162
98,enid,36.3956,-97.8784,2.82,97,100,6.17,US,1675914163
99,chokurdakh,70.6333,147.9167,-31.94,96,100,2.44,RU,1675914163
100,lebu,-37.6167,-73.65,14.75,95,5,4.59,CL,1675914164
101,kodiak,57.79,-152.4072,-4.27,36,0,3.09,US,1675914164
102,hamburg,53.55,10.0,-2.44,82,0,3.09,DE,1675913903
103,iqaluit,63.7506,-68.5145,-33.15,68,0,11.83,CA,1675914165
104,nikolskoye,59.7035,30.7861,1.94,93,100,4.63,RU,1675914165
105,broome,42.2506,-75.833,3.21,67,0,2.57,US,1675914166
106,bredasdorp,-34.5322,20.0403,18.06,83,1,3.91,ZA,1675914166
107,nouadhibou,20.931,-17.0347,16.99,63,100,3.09,MR,1675914166
108,bethel,41.3712,-73.414,4.89,61,0,2.57,US,1675914167
109,saldanha,-33.0117,17.9442,18.46,79,20,3.57,ZA,1675914167
110,codrington,-38.2667,141.9667,21.29,59,2,5.16,AU,1675914168
111,nome,64.5011,-165.4064,-17.96,78,100,3.09,US,1675913989
112,mecca,21.4267,39.8261,17.74,41,55,2.12,SA,1675914168
113,cabo san lucas,22.8909,-109.9124,20.17,39,0,2.06,MX,1675914169
114,parrita,9.5201,-84.3225,24.84,76,10,1.41,CR,1675914170
115,yangambi,0.8102,24.4336,19.12,92,39,1.24,CD,1675914170
116,lumberton,34.6182,-79.0086,14.0,87,0,0.0,US,1675914170
117,nampula,-15.1165,39.2666,20.7,97,97,1.73,MZ,1675914171
118,yar-sale,66.8333,70.8333,-12.92,96,94,4.72,RU,1675914171
119,karratha,-20.7377,116.8463,34.69,46,0,5.38,AU,1675914172
120,alice town,25.7167,-79.3,23.69,69,2,8.96,BS,1675914172
121,krutinka,56.0055,71.5113,-17.39,94,100,4.89,RU,1675914173
122,sao joao da barra,-21.6403,-41.0511,22.8,92,100,3.83,BR,1675914173
123,beringovskiy,63.05,179.3167,-31.46,93,22,2.37,RU,1675914173
124,cape town,-33.9258,18.4232,21.32,71,0,2.57,ZA,1675914174
125,kaniama,-7.5667,24.1833,18.18,95,100,1.04,CD,1675914174
126,nyurba,63.2842,118.3319,-36.5,95,72,0.83,RU,1675914175
127,lorengau,-2.0226,147.2712,28.72,67,100,4.53,PG,1675914175
128,hambantota,6.1241,81.1185,28.19,78,20,4.12,LK,1675914176
129,vila,42.0304,-8.1588,1.49,81,0,1.89,PT,1675914176
130,saint-louis,16.3333,-15.0,20.8,16,100,4.58,SN,1675914176
131,palmer,42.1584,-72.3287,4.49,69,75,3.09,US,1675913911
132,ciudad bolivar,8.1222,-63.5497,25.13,71,49,5.26,VE,1675914177
133,bilokurakyne,49.5341,38.7307,-12.46,96,27,1.64,UA,1675914178
134,luang prabang,19.8856,102.1347,21.98,56,0,0.0,LA,1675914178
135,hervey bay,-25.2986,152.8535,26.91,58,83,9.64,AU,1675914179
136,anori,-3.7728,-61.6442,23.47,98,100,0.74,BR,1675914179
137,quincy,42.2529,-71.0023,4.56,66,0,3.6,US,1675913952
138,magnor,59.9511,12.1996,2.85,90,100,8.33,SE,1675914179
139,dingle,10.9995,122.6711,27.8,72,97,7.12,PH,1675914180
140,presidencia roque saenz pena,-26.7852,-60.4388,28.57,40,76,3.24,AR,1675914180
141,tiksi,71.6872,128.8694,-39.37,98,59,2.35,RU,1675914181
142,lompoc,34.6391,-120.4579,13.08,81,0,4.12,US,1675914181
143,darhan,49.4867,105.9228,-16.55,89,30,1.76,MN,1675914182
144,caceres,39.522,-6.3748,4.26,91,15,3.55,ES,1675914182
145,upernavik,72.7868,-56.1549,-34.6,84,2,3.81,GL,1675914183
146,margate,51.3813,1.3862,2.61,91,95,4.86,GB,1675914184
147,avarua,-21.2078,-159.775,28.03,74,40,5.66,CK,1675914184
148,turayf,31.6725,38.6637,2.14,87,40,2.06,SA,1675914185
149,fortuna,40.5982,-124.1573,7.19,94,0,0.0,US,1675914185
150,cravo norte,6.3017,-70.2041,26.29,58,10,2.6,CO,1675914186
151,samarai,-10.6167,150.6667,26.39,86,100,4.39,PG,1675914187
152,kondinskoye,59.6481,67.41,-16.3,98,77,3.37,RU,1675914188
153,petropavlovsk-kamchatskiy,53.0452,158.6483,-8.67,49,40,2.0,RU,1675914188
154,castro,-24.7911,-50.0119,16.21,95,12,2.39,BR,1675914189
155,portland,45.5234,-122.6762,8.39,80,75,1.79,US,1675914172
156,oga,46.4631,10.347,-10.02,90,62,0.32,IT,1675914189
157,koson,39.0375,65.585,7.18,68,100,5.66,UZ,1675914190
158,kieta,-6.2167,155.6333,29.23,70,100,3.18,PG,1675914190
159,florianopolis,-27.6146,-48.5012,24.57,78,40,4.12,BR,1675914191
160,singkang,2.1006,102.7994,29.72,63,100,1.86,MY,1675914192
161,kaitangata,-46.2817,169.8464,14.06,53,83,4.58,NZ,1675914192
162,airai,-8.9266,125.4092,20.65,77,98,1.88,TL,1675914193
163,ancud,-41.8697,-73.8203,14.26,97,11,2.96,CL,1675914193
164,isla mujeres,21.2311,-86.731,25.09,83,2,6.9,MX,1675914194
165,praia da vitoria,38.7333,-27.0667,12.14,87,75,5.18,PT,1675914194
166,kaifeng,34.7911,114.3483,2.98,95,100,1.82,CN,1675914195
167,iranshahr,27.2025,60.6848,15.19,58,27,2.06,IR,1675914196
168,fuerte olimpo,-21.0415,-57.8738,25.0,81,3,1.34,PY,1675914196
169,port hardy,50.6996,-127.4199,4.1,93,100,11.32,CA,1675914197
170,sibu,2.3,111.8167,28.17,78,20,0.51,MY,1675914063
171,choix,26.7092,-108.3219,15.28,17,0,1.79,MX,1675914197
172,san patricio,28.017,-97.5169,13.8,78,67,1.87,US,1675914198
173,marsh harbour,26.5412,-77.0636,22.66,62,9,8.2,BS,1675914198
174,juneau,58.3019,-134.4197,1.79,94,75,3.6,US,1675914199
175,puerto ayora,-0.7393,-90.3518,26.42,92,75,2.68,EC,1675914199
176,tuatapere,-46.1333,167.6833,13.96,57,79,4.99,NZ,1675914200
177,lensk,60.7253,114.9278,-22.94,95,98,1.63,RU,1675914200
178,washougal,45.5826,-122.3534,8.69,78,0,5.81,US,1675914128
179,santa rosa,14.3122,121.1114,30.06,63,100,6.88,PH,1675914135
180,usinsk,65.9939,57.5281,-4.87,94,100,7.26,RU,1675914201
181,dikson,73.5069,80.5464,-19.01,85,89,6.12,RU,1675914202
182,constitucion,-35.3333,-72.4167,15.83,73,12,4.81,CL,1675914202
183,geraldton,-28.7667,114.6,30.23,45,0,6.69,AU,1675914203
184,fare,-16.7,-151.0167,27.45,72,7,3.39,PF,1675914203
185,marmande,44.5,0.1667,3.06,88,38,2.38,FR,1675914204
186,hegang,47.4,130.3667,-9.71,53,2,1.4,CN,1675914205
187,semey,50.4111,80.2275,-15.88,85,75,4.0,KZ,1675914205
188,chuy,-33.6971,-53.4616,21.56,93,32,3.22,UY,1675914206
189,laguna,38.421,-121.4238,12.4,72,0,0.0,US,1675914206
190,trairi,-3.2778,-39.2689,24.65,79,100,2.68,BR,1675914185
191,eureka,40.8021,-124.1637,7.34,93,37,1.89,US,1675914207
192,el angel,0.6167,-77.9333,6.16,88,76,2.22,EC,1675914207
193,kandrian,-6.2167,149.55,27.56,82,100,7.16,PG,1675914208
194,grand gaube,-20.0064,57.6608,27.43,75,17,4.02,MU,1675914208
195,grindavik,63.8424,-22.4338,-4.03,74,75,10.8,IS,1675914209
196,paracatu,-17.2222,-46.8747,21.39,81,100,0.45,BR,1675913984
197,isangel,-19.55,169.2667,27.06,89,100,4.12,VU,1675914210
198,vanimo,-2.6741,141.3028,25.35,92,100,4.74,PG,1675914211
199,acari,-15.4311,-74.6158,24.4,85,76,1.23,PE,1675914211
200,vangaindrano,-23.35,47.6,23.61,91,100,2.06,MG,1675914212
201,sagacad,7.6861,123.3406,28.63,62,97,0.9,PH,1675914212
202,cockburn town,21.4612,-71.1419,24.79,77,9,11.12,TC,1675914213
203,tsiroanomandidy,-18.7667,46.0333,19.91,88,93,2.21,MG,1675914213
204,mitu,1.1983,-70.1733,21.54,98,95,0.31,CO,1675914213
205,weligama,5.9667,80.4167,28.03,68,35,1.38,LK,1675914214
206,bilibino,68.0546,166.4372,-41.5,98,66,0.64,RU,1675914214
207,tasiilaq,65.6145,-37.6368,-14.91,54,96,4.36,GL,1675914028
208,torres,-29.3353,-49.7269,21.57,93,43,3.85,BR,1675914215
209,luderitz,-26.6481,15.1594,16.97,96,67,4.5,NA,1675914215
210,puerto leguizamo,-0.1934,-74.7819,24.61,73,94,1.25,CO,1675914216
211,arraial do cabo,-22.9661,-42.0278,23.92,88,75,1.54,BR,1675914216
212,half moon bay,37.4636,-122.4286,14.23,77,75,4.63,US,1675913935
213,pita,10.8333,-12.5833,21.56,60,2,0.46,GN,1675914217
214,aswan,24.0934,32.907,9.61,53,0,3.09,EG,1675914217
215,longyearbyen,78.2186,15.6401,-6.09,79,100,6.69,SJ,1675914218
216,narsaq,60.9167,-46.05,-8.88,93,100,4.07,GL,1675914218
217,carballo,43.213,-8.691,6.59,93,0,1.81,ES,1675914219
218,vardo,70.3705,31.1107,1.99,75,99,19.55,NO,1675914219
219,makakilo city,21.3469,-158.0858,25.18,57,0,6.17,US,1675914220
220,mackay,-21.15,149.2,29.27,72,97,10.05,AU,1675914220
221,faya,18.3851,42.4509,8.29,60,39,1.73,SA,1675914220
222,bundaberg,-24.85,152.35,30.68,63,74,1.79,AU,1675914221
223,mount isa,-20.7333,139.5,32.87,52,75,4.12,AU,1675914221
224,waitati,-45.75,170.5667,14.21,52,84,4.72,NZ,1675914222
225,bandarbeyla,9.4942,50.8122,24.72,71,61,4.73,SO,1675914222
226,pisco,-13.7,-76.2167,22.03,88,0,5.66,PE,1675914222
227,aanekoski,62.6946,25.818,2.04,81,100,7.86,FI,1675914223
228,wamba,8.9333,8.6,22.4,20,59,2.14,NG,1675914223
229,shaunavon,49.6501,-108.4181,-7.12,91,100,5.0,CA,1675914224
230,gravdal,68.1214,13.5031,1.66,95,100,10.85,NO,1675914224
231,lagoa,39.05,-27.9833,13.59,73,100,5.57,PT,1675914224
232,imuris,30.7833,-110.8667,11.45,28,2,3.01,MX,1675914225
233,sabang,5.8933,95.3214,27.69,74,76,6.06,ID,1675914225
234,port blair,11.6667,92.75,28.02,69,40,5.14,IN,1675914225
235,iralaya,15.0,-83.2333,24.5,85,15,6.22,HN,1675914226
236,fairbanks,64.8378,-147.7164,-14.67,84,40,0.0,US,1675914226
237,kashary,49.04,41.0056,-14.77,97,50,1.68,RU,1675914227
238,altamont,42.2068,-121.7372,4.32,71,0,1.54,US,1675914227
239,santa cruz cabralia,-16.2781,-39.0247,25.13,88,20,2.06,BR,1675914228
240,impfondo,1.6381,18.0667,19.91,53,7,0.38,CG,1675914228
241,omboue,-1.5746,9.2618,25.52,89,75,2.66,GA,1675914229
242,san cristobal,7.7669,-72.225,20.1,74,24,0.25,VE,1675914229
243,moree,-29.4667,149.85,26.05,45,100,3.16,AU,1675914229
244,omsukchan,62.5333,155.8,-34.2,96,31,2.42,RU,1675914230
245,tuktoyaktuk,69.4541,-133.0374,-37.0,74,20,1.54,CA,1675914230
246,farmington,36.7281,-108.2187,2.38,51,0,1.54,US,1675914231
247,lobanovo,57.8595,56.3026,-5.05,86,100,4.0,RU,1675914231
248,saint-joseph,-21.3667,55.6167,26.21,79,62,4.01,RE,1675914232
249,solnechnyy,50.7214,136.6319,-19.18,80,74,2.03,RU,1675914232
250,kabalo,-6.05,26.9167,19.45,94,96,0.41,CD,1675914232
251,wahiawa,21.5028,-158.0236,24.18,61,100,6.17,US,1675914233
252,pasni,25.2631,63.471,21.58,72,4,1.83,PK,1675914233
253,vaasa,63.096,21.6158,2.38,80,100,11.83,FI,1675914234
254,coolum beach,-26.5333,153.1,27.84,68,99,6.25,AU,1675914234
255,bardiyah,31.7561,25.0865,11.84,69,100,8.99,LY,1675914234
256,nanortalik,60.1432,-45.2371,-3.39,87,100,3.97,GL,1675914235
257,satna,24.5833,80.8333,21.33,27,0,2.31,IN,1675914235
258,szczecinek,53.7079,16.6994,-3.95,85,54,3.53,PL,1675914236
259,bida,9.0833,6.0167,23.37,18,11,2.23,NG,1675914236
260,hofn,64.2539,-15.2082,-4.57,47,0,7.03,IS,1675914236
261,yuli,9.6989,10.2744,21.37,22,76,3.33,NG,1675914237
262,ballina,-28.8667,153.5667,27.23,66,100,4.42,AU,1675914237
263,nioro,13.35,-15.75,23.9,18,0,1.34,GM,1675914238
264,arcozelo,41.0533,-8.6433,9.91,60,0,4.22,PT,1675914238
265,valleyview,55.0667,-117.2859,-2.98,63,35,4.63,CA,1675914239
266,adrar,20.5022,-10.0711,19.11,16,97,3.31,MR,1675914239
267,ivdel,60.6911,60.4206,-8.34,87,78,3.58,RU,1675914239
268,faanui,-16.4833,-151.75,27.38,71,9,3.15,PF,1675914240
269,yakima,46.4665,-120.6678,5.69,65,0,2.06,US,1675914240
270,polunochnoye,60.8697,60.4153,-6.76,81,73,4.5,RU,1675914241
271,nuuk,64.1835,-51.7216,-2.62,96,100,8.18,GL,1675914241
272,carnarvon,-24.8667,113.6333,30.79,53,63,6.73,AU,1675914241
273,lumby,50.2498,-118.969,0.5,74,94,3.6,CA,1675914242
274,ojinaga,29.5667,-104.4167,12.45,53,0,1.54,MX,1675914242
275,kushima,31.4583,131.2333,12.53,61,100,5.73,JP,1675914243
276,mason city,43.1536,-93.201,0.74,86,100,1.95,US,1675914092
277,sokoni,-6.4333,39.55,26.92,78,100,3.76,TZ,1675914243
278,towada,40.6127,141.2067,-2.24,67,93,7.55,JP,1675914244
279,touros,-5.1989,-35.4608,26.01,81,13,5.0,BR,1675914244
280,caucaia,-3.7361,-38.6531,27.24,73,40,3.6,BR,1675914245
281,chifeng,42.2683,118.9636,-1.96,34,100,3.29,CN,1675914245
282,gat,31.61,34.7642,8.0,100,77,2.46,IL,1675914246
283,pangnirtung,66.1451,-65.7125,-30.07,72,18,2.93,CA,1675914246
284,port lincoln,-34.7333,135.8667,27.94,47,0,2.88,AU,1675914246
285,cherskiy,68.75,161.3,-35.19,98,100,3.2,RU,1675914247
286,kumhari,21.2667,81.5167,23.19,21,31,2.08,IN,1675914247
287,santa cruz de tenerife,28.4682,-16.2546,19.05,79,100,3.6,ES,1675914248
288,komsomolskiy,40.4272,71.7189,4.4,70,75,3.09,UZ,1675914248
289,ormond beach,29.2858,-81.0559,20.61,87,75,1.34,US,1675914248
290,montes altos,-5.8333,-47.0667,21.53,95,79,1.8,BR,1675914249
291,kanniyakumari,8.0833,77.5667,26.94,61,13,5.33,IN,1675914249
292,tianpeng,30.9866,103.9393,11.26,78,100,1.71,CN,1675914250
293,altagracia de orituco,9.8601,-66.3814,21.19,90,60,2.34,VE,1675914250
294,firozpur jhirka,27.8,76.95,19.51,31,0,1.82,IN,1675914251
295,santiago,-33.4569,-70.6483,27.36,49,0,2.06,CL,1675913870
296,fecamp,49.7579,0.3746,2.49,68,22,3.11,FR,1675914251
297,jilin,43.0,126.0,-6.71,70,100,2.2,CN,1675914252
298,torbay,47.6666,-52.7314,-0.79,96,100,6.69,CA,1675914252
299,contai,21.7786,87.7536,25.0,45,0,2.97,IN,1675914253
300,aklavik,68.2191,-135.0107,-34.01,99,95,1.53,CA,1675914024
301,ilulissat,69.2167,-51.1,-21.99,64,20,2.06,GL,1675914253
302,clyde river,70.4692,-68.5914,-35.87,68,75,2.57,CA,1675914171
303,kichera,55.9375,110.0997,-11.92,91,99,0.8,RU,1675914254
304,ibra,22.6906,58.5334,21.74,38,6,0.47,OM,1675914255
305,verkhnyaya toyma,62.2349,44.9985,-9.54,98,98,2.08,RU,1675914256
306,vila velha,-20.3297,-40.2925,25.97,85,40,2.06,BR,1675914256
307,kirakira,-10.4544,161.9205,28.97,75,100,3.85,SB,1675914257
308,volkach,49.8667,10.2333,-5.37,75,0,1.65,DE,1675914257
309,mananara,-16.1667,49.7667,23.94,89,82,2.03,MG,1675914258
310,novomykolayivka,47.9781,35.9102,-9.08,90,7,3.6,UA,1675914258
311,byron bay,-28.65,153.6167,27.19,59,100,4.19,AU,1675914117
312,carahue,-38.7,-73.1667,13.53,99,11,0.55,CL,1675914259
313,mayo,38.8876,-76.5119,10.28,69,0,2.57,US,1675914260
314,vao,-22.6667,167.4833,26.16,81,100,6.2,NC,1675914026
315,mpika,-11.8343,31.4529,14.67,98,99,2.05,ZM,1675914261
316,yanaul,56.2719,54.9309,-17.2,100,85,1.71,RU,1675914261
317,havre-saint-pierre,50.2334,-63.5986,-10.0,56,0,7.72,CA,1675914261
318,talnakh,69.4865,88.3972,-19.33,95,100,4.08,RU,1675914262
319,xining,36.6167,101.7667,-2.1,45,2,1.63,CN,1675914262
320,palu,-0.8917,119.8707,31.87,57,100,2.42,ID,1675914263
321,aranos,-24.1333,19.1167,20.96,70,40,2.27,NA,1675914263
322,olafsvik,64.8945,-23.7142,-4.43,60,100,9.69,IS,1675914264
323,whitehorse,60.7161,-135.0538,-4.57,63,20,6.17,CA,1675914264
324,walvis bay,-22.9575,14.5053,17.83,88,60,2.59,NA,1675914183
325,jackson,42.4165,-122.8345,7.59,76,45,1.16,US,1675914265
326,viedma,-40.8135,-62.9967,18.42,68,61,4.36,AR,1675914265
327,puteyets,65.1716,57.091,-4.2,91,100,4.18,RU,1675914266
328,shingu,33.7333,135.9833,11.72,34,56,1.57,JP,1675914266
329,huarmey,-10.0681,-78.1522,22.44,85,8,2.48,PE,1675914267
330,leesburg,39.1157,-77.5636,10.79,65,0,1.54,US,1675914173
331,alyangula,-13.8483,136.4192,30.26,66,100,1.59,AU,1675914267
332,fredericksburg,38.3032,-77.4605,12.01,71,0,0.0,US,1675914216
333,padang,-0.9492,100.3543,28.03,70,97,1.85,ID,1675914268
334,harper,4.375,-7.7169,24.93,88,90,0.45,LR,1675914268
335,paita,-5.0892,-81.1144,24.33,79,83,3.33,PE,1675914269
336,celestun,20.8667,-90.4,25.97,64,58,5.91,MX,1675914269
337,shieli,44.1667,66.75,-4.81,79,100,8.7,KZ,1675914270
338,sonoita,31.85,-112.8333,14.03,31,0,3.76,MX,1675914270
339,la palma,33.8464,-118.0467,18.34,52,0,2.06,US,1675914119
340,griffith,41.5284,-87.4237,3.96,76,100,2.57,US,1675914271
341,patur,20.45,76.9333,24.37,17,94,2.46,IN,1675914271
342,sinnamary,5.3833,-52.95,23.99,90,99,4.73,GF,1675914271
343,severo-kurilsk,50.6789,156.125,-4.79,56,87,9.83,RU,1675914272
344,tarbes,43.25,0.1667,0.26,87,75,2.06,FR,1675914272
345,sarakhs,36.5449,61.1577,6.26,85,100,5.92,IR,1675914273
346,oxford,51.7522,-1.256,2.99,94,100,2.57,GB,1675914117
347,imeni poliny osipenko,52.4201,136.4853,-24.14,89,72,2.29,RU,1675914273
348,ottumwa,41.02,-92.4113,3.31,87,100,2.06,US,1675914274
349,oistins,13.0667,-59.5333,25.05,78,40,8.75,BB,1675914274
350,yanam,16.7333,82.2167,28.06,51,83,0.64,IN,1675914274
351,charlestown,-32.95,151.6667,25.38,76,100,0.89,AU,1675914275
352,tahta,26.7693,31.5021,10.11,63,100,1.99,EG,1675914275
353,okhotsk,59.3833,143.3,-25.11,80,20,6.18,RU,1675914276
354,kavieng,-2.5744,150.7967,28.59,71,100,2.75,PG,1675914276
355,daru,-9.0763,143.2092,28.44,80,96,4.03,PG,1675914277
356,kahului,20.8947,-156.47,24.36,69,20,7.2,US,1675914213
357,tashtyp,52.7939,89.8983,-9.99,93,100,0.76,RU,1675914277
358,trinec,49.6776,18.6708,-7.73,91,27,2.35,CZ,1675914278
359,waipawa,-41.4122,175.5153,13.48,80,96,4.45,NZ,1675914278
360,college,64.8569,-147.8028,-14.68,84,75,0.0,US,1675914278
361,nassau,40.7507,-73.5829,7.81,69,0,1.54,US,1675914279
362,ipojuca,-8.3989,-35.0639,26.95,83,83,1.73,BR,1675914015
363,buala,-8.145,159.5921,28.56,75,97,2.1,SB,1675914279
364,bonavista,48.6499,-53.1147,-2.95,86,100,7.17,CA,1675914280
365,flin flon,54.7682,-101.865,-18.49,98,27,2.38,CA,1675914280
366,udachnyy,66.4167,112.4,-34.2,66,95,2.26,RU,1675914281
367,roald,62.5833,6.1333,6.53,75,20,10.29,NO,1675914281
368,vila franca do campo,37.7167,-25.4333,12.23,73,96,3.91,PT,1675914282
369,pouebo,-20.4,164.5667,26.9,85,98,2.76,NC,1675914282
370,stonewall,50.1344,-97.3268,0.82,96,100,5.66,CA,1675914282
371,emba,48.8264,58.1442,-20.85,98,29,1.51,KZ,1675914283
372,ostrovnoy,68.0531,39.5131,0.16,85,100,17.88,RU,1675914283
373,bambous virieux,-20.3428,57.7575,27.34,83,75,5.14,MU,1675914284
374,sitka,57.0531,-135.33,3.94,70,100,5.66,US,1675914284
375,illapel,-31.6308,-71.1653,23.22,65,0,0.5,CL,1675914285
376,cabra,37.4725,-4.4421,2.88,83,56,1.85,ES,1675914285
377,saint-augustin,51.226,-58.6502,-10.43,78,99,9.23,CA,1675914285
378,gabu,12.2833,-14.2167,19.77,69,2,1.87,GW,1675914286
379,rio gallegos,-51.6226,-69.2181,14.03,47,40,4.12,AR,1675914286
380,maceio,-9.6658,-35.7353,23.69,94,20,1.03,BR,1675914287
381,peniche,39.3558,-9.3811,11.63,83,29,8.14,PT,1675914287
382,katsuura,35.1333,140.3,8.76,38,79,4.33,JP,1675914288
383,puerto carreno,6.189,-67.4859,26.26,60,43,2.92,CO,1675914289
384,te anau,-45.4167,167.7167,15.83,38,41,1.38,NZ,1675914289
385,tallahassee,30.4383,-84.2807,16.85,88,0,0.0,US,1675913921
386,yumen,40.2833,97.2,0.48,39,11,4.47,CN,1675914289
387,vuktyl,63.8567,57.3094,-4.11,84,95,5.97,RU,1675914290
388,bacungan,9.9106,118.7022,31.03,62,75,8.23,PH,1675914290
389,gloucester,51.8657,-2.2431,7.07,84,100,1.79,GB,1675913993
390,saint-francois,46.4154,3.9054,-5.74,93,3,0.0,FR,1675914212
391,romny,50.751,33.4747,-8.88,93,49,2.51,UA,1675914291
392,puerto rondon,6.2805,-71.1,26.45,57,47,1.73,CO,1675914291
393,mathbaria,22.2876,89.9593,27.08,46,0,2.12,BD,1675914292
394,yelizovo,53.1873,158.3805,-7.92,48,40,2.0,RU,1675914292
395,berlevag,70.8578,29.0864,2.97,70,100,17.49,NO,1675914292
396,hastings,50.8552,0.5729,4.73,55,90,3.28,GB,1675914231
397,pimentel,-6.8367,-79.9342,25.16,73,0,5.14,PE,1675914293
398,axim,4.8699,-2.2405,25.49,88,68,2.12,GH,1675914293
399,dalnerechensk,45.9339,133.7225,-13.02,74,3,4.15,RU,1675914294
400,freeport,40.6576,-73.5832,7.98,69,0,3.09,US,1675914294
401,marsassoum,12.8275,-15.9806,20.05,37,0,2.04,SN,1675914295
402,utete,-7.986,38.758,22.56,99,100,1.19,TZ,1675914295
403,guerrero negro,27.9769,-114.0611,16.01,54,16,0.58,MX,1675914295
404,manokwari,-0.8667,134.0833,25.19,83,100,0.26,ID,1675914296
405,tlalchapa,18.4,-100.4667,24.09,42,2,0.63,MX,1675914297
406,mago,53.2514,140.1822,-26.86,87,87,1.7,RU,1675914297
407,tjome,59.1109,10.3933,5.64,89,100,8.75,NO,1675914298
408,nautla,20.2167,-96.7833,22.26,92,13,1.42,MX,1675914298
409,zmeinogorsk,51.1567,82.195,-10.74,95,100,1.57,RU,1675914298
410,sao filipe,14.8961,-24.4956,20.6,75,58,3.17,CV,1675914299
411,ahipara,-35.1667,173.1667,20.85,56,27,4.47,NZ,1675914299
412,bafoulabe,13.8065,-10.8321,25.65,15,0,2.17,ML,1675914300
413,martapura,-3.4167,114.85,28.05,74,20,1.03,ID,1675914300
414,tananger,58.9333,5.6,6.85,83,75,4.63,NO,1675914300
415,bom jesus,-9.0744,-44.3586,22.01,52,7,0.87,BR,1675914301
416,destin,30.3935,-86.4958,19.03,90,40,5.14,US,1675914231
417,boguchany,58.3814,97.4531,-14.16,94,97,1.75,RU,1675914302
418,manzanillo,20.3433,-77.1167,23.05,76,5,5.9,CU,1675914303
419,aksay,47.26,39.87,-9.86,83,6,4.02,RU,1675914303
420,yulara,-25.2406,130.9889,38.68,12,5,2.54,AU,1675914290
421,labuan,5.2767,115.2417,30.2,66,20,1.54,MY,1675914179
422,bhatkal,13.9667,74.5667,27.23,54,42,2.49,IN,1675914304
423,tres lagoas,-20.7511,-51.6783,22.03,93,73,1.68,BR,1675914305
424,esperance,-33.8667,121.9,21.02,64,29,5.89,AU,1675914307
425,saint-pierre,-21.3393,55.4781,26.82,57,0,1.03,RE,1675914308
426,lieksa,63.3167,30.0167,1.15,89,100,8.91,FI,1675914316
427,natchez,31.5604,-91.4032,18.12,100,100,6.17,US,1675914317
428,dong hoi,17.4833,106.6,25.49,82,39,2.37,VN,1675914317
429,haimen,23.1935,116.6142,16.94,85,100,6.44,CN,1675914318
430,torit,4.4133,32.5678,23.66,32,20,1.01,SS,1675914318
431,aasiaat,68.7098,-52.8699,-26.18,88,92,2.9,GL,1675914319
432,amapa,1.0,-52.0,21.91,99,97,0.77,BR,1675914306
433,ravar,31.2656,56.8055,7.02,41,0,0.52,IR,1675914319
434,vestmannaeyjar,63.4427,-20.2734,-1.4,57,100,15.07,IS,1675914320
435,horsham,51.064,-0.3272,4.58,91,100,1.55,GB,1675914321
436,andenes,69.3143,16.1194,-0.01,93,100,0.51,NO,1675914321
437,ugoofaaru,5.6667,73.0,26.72,71,58,2.0,MV,1675914322
438,butembo,0.15,29.2833,14.6,61,34,0.86,CD,1675914323
439,barra,-11.0894,-43.1417,23.15,60,23,1.56,BR,1675914324
440,diego de almagro,-26.3667,-70.05,20.1,49,0,0.99,CL,1675914324
441,severo-yeniseyskiy,60.3725,93.0408,-18.82,96,97,1.56,RU,1675914325
442,feltre,46.0235,11.907,-2.26,74,17,0.45,IT,1675914326
443,gracac,44.3006,15.8547,-4.14,85,19,3.45,HR,1675914326
444,payo,-3.7508,103.6372,30.37,50,99,1.68,ID,1675914327
445,yabluniv,48.4042,24.9387,-11.2,91,9,1.68,UA,1675914327
446,bulancak,40.9372,38.2291,3.9,56,40,3.09,TR,1675914328
447,sisimiut,66.9395,-53.6735,-16.39,80,100,3.2,GL,1675914328
448,waingapu,-9.6567,120.2641,29.95,68,73,5.59,ID,1675914329
449,boende,-0.2167,20.8667,20.88,93,49,1.41,CD,1675914329
450,tautira,-17.7333,-149.15,26.85,74,4,2.97,PF,1675914330
451,ulagan,50.6321,87.9563,-8.17,91,100,0.66,RU,1675914331
452,karasjok,69.4719,25.5112,-0.46,81,100,14.53,NO,1675914331
453,souillac,-20.5167,57.5167,26.21,83,75,5.14,MU,1675914332
454,tigil,57.8,158.6667,-18.88,92,100,1.8,RU,1675914333
455,kununurra,-15.7667,128.7333,33.99,49,40,5.14,AU,1675914160
456,san jeronimo,-11.9472,-75.2829,11.06,78,87,1.45,PE,1675914333
457,hannoversch munden,51.4151,9.6505,-0.84,80,0,1.03,DE,1675914334
458,bhuj,23.2667,69.6667,23.53,31,2,1.66,IN,1675913909
459,basoko,1.2391,23.616,20.05,87,11,1.67,CD,1675914334
460,lamu,-2.2717,40.902,26.12,88,26,4.41,KE,1675914335
461,taltal,-25.4,-70.4833,20.58,83,34,0.91,CL,1675914335
462,marfino,55.7028,37.3822,-2.73,92,100,2.0,RU,1675914336
463,plettenberg bay,-34.0527,23.3716,17.94,83,13,2.16,ZA,1675914336
464,amga,60.8953,131.9608,-31.6,92,94,0.39,RU,1675914337
465,sept-iles,50.2001,-66.3821,-12.0,62,0,6.17,CA,1675914242
466,lavrentiya,65.5833,-171.0,-24.44,97,100,1.12,RU,1675914337
467,fukue,32.6881,128.8419,11.2,54,0,4.12,JP,1675914338
468,brigham city,41.5102,-112.0155,-1.99,63,0,2.5,US,1675914338
469,schotten,50.5,9.1333,-2.88,87,0,1.71,DE,1675914339
470,turan,16.0678,108.2208,27.99,74,40,3.6,VN,1675914242
471,tromso,69.6496,18.957,-0.9,93,100,3.09,NO,1675914339
472,rongcheng,30.634,117.8517,7.36,95,100,1.03,CN,1675914339
473,moose factory,51.2585,-80.6094,-15.0,85,100,1.03,CA,1675914340
474,xingyi,24.1877,102.817,18.4,22,0,4.95,CN,1675914340
475,linxia,35.6003,103.2064,-0.83,66,31,1.52,CN,1675914341
476,maragogi,-9.0122,-35.2225,25.27,81,98,2.29,BR,1675914341
477,kavaratti,10.5669,72.642,26.36,70,100,1.73,IN,1675914342
478,marawi,7.9986,124.2928,23.86,79,96,3.46,PH,1675914342
479,caravelas,-17.7125,-39.2481,23.97,87,41,2.33,BR,1675914342
480,banda aceh,5.5577,95.3222,28.66,66,70,3.33,ID,1675914201
481,najran,17.4924,44.1277,13.36,42,19,0.84,SA,1675914343
482,huambo,-12.7761,15.7392,13.35,77,97,0.75,AO,1675914344
483,mtinko,-4.55,34.85,15.49,92,100,0.82,TZ,1675914344
484,chase,50.8165,-119.6857,-0.51,98,100,1.06,CA,1675914344
485,tongchuan,35.0806,109.0897,2.36,83,93,0.71,CN,1675914345
486,nueva armenia,15.7956,-86.4985,24.1,90,0,2.6,HN,1675914345
487,ayan,56.45,138.1667,-23.8,59,61,1.36,RU,1675914346
488,awbari,26.5921,12.7805,10.13,49,43,7.38,LY,1675914346
489,namibe,-15.1961,12.1522,20.53,76,98,2.82,AO,1675914346
490,zatoka,46.0725,30.4654,-2.89,71,5,8.09,UA,1675914347
491,nalut,30.3333,10.85,7.34,89,59,7.52,LY,1675914347
492,richards bay,-28.783,32.0377,22.18,89,100,4.59,ZA,1675914348
493,pau brasil,-15.4642,-39.6511,19.54,97,14,0.8,BR,1675914348
494,onokhoy,51.932,108.0747,-23.14,91,99,0.53,RU,1675914349
495,atambua,-9.1061,124.8925,25.85,83,98,3.53,ID,1675914349
496,camden,39.7835,-74.9663,8.14,62,98,0.98,US,1675914344
497,pevek,69.7008,170.3133,-34.47,100,100,3.05,RU,1675914350
498,bilma,18.6853,12.9164,17.88,19,0,3.37,NE,1675914350
499,taicheng,38.731,113.228,-2.44,84,100,1.79,CN,1675914350
500,haines junction,60.7522,-137.5108,-7.03,68,60,2.57,CA,1675914351
501,mirnyy,62.5353,113.9611,-32.33,98,98,1.6,RU,1675914278
502,quepos,9.4236,-84.1652,24.97,75,11,1.43,CR,1675914351
503,rocha,-34.4833,-54.3333,20.91,81,20,3.47,UY,1675914352
504,luwero,0.8492,32.4731,17.29,94,65,1.1,UG,1675914352
505,brandon,27.9378,-82.2859,22.24,69,0,3.09,US,1675914124
506,meulaboh,4.1363,96.1285,28.76,66,79,1.28,ID,1675914334
507,tera,14.0078,0.7531,22.99,14,48,4.41,NE,1675914353
508,karonga,-9.9333,33.9333,23.18,72,100,1.58,MW,1675914353
509,moron,-34.6534,-58.6198,26.1,72,10,1.78,AR,1675914354
510,kodinar,20.7903,70.7031,25.92,28,16,2.39,IN,1675914354
511,hovd,48.0056,91.6419,-13.89,73,97,1.29,MN,1675914355
512,koygorodok,60.445,50.9968,-4.0,89,100,3.83,RU,1675914355
513,emerald,-23.5333,148.1667,27.41,53,91,7.15,AU,1675914356
514,flinders,-34.5833,150.8552,23.92,87,100,1.79,AU,1675914356
515,semenivka,52.1783,32.5818,-7.29,94,100,3.12,UA,1675914357
516,ziro,27.6333,93.8333,3.41,72,98,0.78,IN,1675914357
517,podgorica,42.4411,19.2636,2.72,34,0,6.17,ME,1675914358
518,la ronge,55.1001,-105.2842,-14.86,85,0,0.0,CA,1675914307
519,aginskoye,51.1,114.53,-15.92,85,94,0.81,RU,1675914358
520,yerbogachen,61.2767,108.0108,-17.29,94,100,1.65,RU,1675914359
521,ventspils,57.3894,21.5606,1.96,93,75,7.2,LV,1675914359
522,yichang,30.7144,111.2847,6.83,87,100,0.53,CN,1675914359
523,klyuchi,52.2667,79.1667,-20.43,100,97,1.75,RU,1675914360
524,nacala,-14.5428,40.6728,24.26,89,100,3.15,MZ,1675914360
525,lakki marwat,32.6079,70.9114,12.99,60,92,8.68,PK,1675914261
526,la asuncion,11.0333,-63.8628,23.59,89,22,5.53,VE,1675914361
527,imbituba,-28.24,-48.6703,22.95,90,63,4.55,BR,1675914135
528,tabuk,17.4189,121.4443,24.42,77,100,2.51,PH,1675914363
529,asau,46.4333,26.4,-15.4,87,10,2.17,RO,1675914363
530,todos santos,23.45,-110.2167,16.48,66,16,2.68,MX,1675914364
531,yaan,7.3833,8.5667,23.73,37,100,2.01,NG,1675914365
532,paine,-33.8167,-70.75,28.38,45,0,1.15,CL,1675914365
533,kalyazin,57.2403,37.8433,-11.4,99,91,1.45,RU,1675914365
534,antalaha,-14.9003,50.2788,24.27,87,57,2.28,MG,1675914366
535,horodyshche,49.2849,31.4451,-9.25,91,11,2.21,UA,1675914367
536,behshahr,36.6923,53.5526,4.97,89,100,0.84,IR,1675914367
537,hammond,41.5834,-87.5,4.01,75,100,2.57,US,1675914360
538,derzhavinsk,51.1,66.3167,-27.97,100,100,0.26,KZ,1675914368
539,bereda,43.2686,-7.5406,1.9,98,66,1.84,ES,1675914369
540,dzaoudzi,-12.7887,45.2699,27.94,83,75,3.09,YT,1675914370
541,rosetown,51.5501,-108.0014,-10.01,85,99,3.6,CA,1675914370
542,pasco,28.292,-82.4165,22.2,68,35,2.68,US,1675914371
543,lebyazhye,55.2689,66.4947,-12.47,96,100,3.25,RU,1675914371
544,te horo,-40.8084,175.1233,18.01,72,75,3.67,NZ,1675914372
545,santa cruz,-17.8,-63.1667,24.7,88,75,2.57,BO,1675914223
546,necochea,-38.5473,-58.7368,17.4,86,0,2.91,AR,1675914339
547,malko tarnovo,41.9833,27.5333,-5.89,93,100,4.17,BG,1675914373
548,rudnaya pristan,44.3614,135.8116,-7.36,45,3,6.74,RU,1675914373
549,gidole,5.65,37.3667,13.66,51,8,2.12,ET,1675914374
550,juba,4.8517,31.5825,21.94,29,40,1.21,SS,1675914374
